1,井上京子,女,東京都八王子市,03-0256-1258,asd@eraw.jp,"雑誌,新聞",saikou,"おはようございます、テストです
本日は晴天なり"
山梨三郎,男,岩手県,112-222-222,aft@tuu.jp,"雑誌,新聞",,タイムアウト
山梨三郎,男,岩手県,112-222-222,aft@tuu.jp,"雑誌,新聞",,刺さらん
ささえのり,女,ｓさあさあ,124-122-4444,sd@ffs,"雑誌,新聞",,sdsfsfsf
ささえのり,女,ｓさあさあ,124-122-4444,sd@ffs,"雑誌,新聞",,daa
safffggg,女,ffgfgf,12356-7788-909,zsdsd@sdsds,"雑誌,新聞",,dsfsfss
safffggg,女,ffgfgf,12356-7788-909,zsdsd@sdsds,"雑誌,新聞",,dsfsfss
safffggg,女,ffgfgf,12356-7788-909,zsdsd@sdsds,"雑誌,新聞",,dsfsfss
safffggg,女,ffgfgf,12356-7788-909,zsdsd@sdsds,"雑誌,新聞",,dsfsfss
asaasasa,不明,sasaa,1234-578-9997,dfsf@sfs,"雑誌,新聞",botiboti,ssddg
aasadadadada,女,adadada,1232-4444-6666,fsfsdfsf@sfsfsf,"雑誌,新聞",saikou,"sdvfbgv "
sasaasasa,女,sasasas,123-444-333,dscxcsdv@svvf,"雑誌,新聞",B型,ssfsfs
